,NP,Name,Coating,NP_Synthesis,NP size_min (nm),NP size_max (nm),NP size_avg (nm),shape,method,Bacteria,Strain ,Concentration (μg/ml),ZOI,Zeta_potential (mV),reference,doi,time (hr),MDR,Solvent for extract ,"Temperature for extract, C","Duration preparing extract, min",Precursor of NP,Concentration of precursor (mM),hydrodynamic diameter,pH during synthesis
0,Ag,FAgNPs,0.0,green synthesis using fig ,4.0,36.0,20.0,spherical,ZOI,Staphylococcus aureus,ATCC 29213,30.0,24.67,-15.0,https://www.sciencedirect.com/science/article/pii/S1018364723004214?via%3Dihub,https://doi.org/10.1016/j.jksus.2023.102959,18.0,1.0,water,100.0,15.0,AgNO3,5.0,33.79,
1,Ag,FAgNPs,0.0,green synthesis using fig ,4.0,36.0,20.0,spherical,ZOI,Pseudomonas aeruginosa,ATCC 27853,30.0,,-15.0,https://www.sciencedirect.com/science/article/pii/S1018364723004214?via%3Dihub,https://doi.org/10.1016/j.jksus.2023.102959,18.0,0.0,water,100.0,15.0,AgNO3,5.0,33.79,
2,Ag,FAgNPs,0.0,green synthesis using fig ,4.0,36.0,20.0,spherical,ZOI,Streptococcus pyogenes,ATCC 12384,30.0,8,-15.0,https://www.sciencedirect.com/science/article/pii/S1018364723004214?via%3Dihub,https://doi.org/10.1016/j.jksus.2023.102959,18.0,0.0,water,100.0,15.0,AgNO3,5.0,33.79,
3,Ag,FAgNPs,0.0,green synthesis using fig ,4.0,36.0,20.0,spherical,ZOI,Escherichia coli,ATCC 25922,30.0,14.67,-15.0,https://www.sciencedirect.com/science/article/pii/S1018364723004214?via%3Dihub,https://doi.org/10.1016/j.jksus.2023.102959,18.0,0.0,water,100.0,15.0,AgNO3,5.0,33.79,
4,Ag,MAgNPs,0.0,green synthesis using myrrh,6.0,30.0,18.0,spherical,ZOI,Staphylococcus aureus,ATCC 29213,30.0,23,-16.1,https://www.sciencedirect.com/science/article/pii/S1018364723004214?via%3Dihub,https://doi.org/10.1016/j.jksus.2023.102959,18.0,1.0,water,100.0,15.0,AgNO3,5.0,31.63,
5,Ag,MAgNPs,0.0,green synthesis using myrrh,6.0,30.0,18.0,spherical,ZOI,Pseudomonas aeruginosa,ATCC 27853,30.0,8,-16.1,https://www.sciencedirect.com/science/article/pii/S1018364723004214?via%3Dihub,https://doi.org/10.1016/j.jksus.2023.102959,18.0,0.0,water,100.0,15.0,AgNO3,5.0,31.63,
6,Ag,MAgNPs,0.0,green synthesis using myrrh,6.0,30.0,18.0,spherical,ZOI,Streptococcus pyogenes,ATCC 12384,30.0,,-16.1,https://www.sciencedirect.com/science/article/pii/S1018364723004214?via%3Dihub,https://doi.org/10.1016/j.jksus.2023.102959,18.0,0.0,water,100.0,15.0,AgNO3,5.0,31.63,
7,Ag,MAgNPs,0.0,green synthesis using myrrh,6.0,30.0,18.0,spherical,ZOI,Escherichia coli,ATCC 25922,30.0,14.67,-16.1,https://www.sciencedirect.com/science/article/pii/S1018364723004214?via%3Dihub,https://doi.org/10.1016/j.jksus.2023.102959,18.0,0.0,water,100.0,15.0,AgNO3,5.0,31.63,
8,Ag,,0.0,green synthesis using spirulina sp,30.0,60.0,26.57,spherical,ZOI,Acinetobacter baumannii,MTCC1425,10.0,19,,,https://doi.org/10.1016/j.jksus.2024.103336,,0.0,water,40.0,1440.0,AgNO3,1.0,,
9,Ag,,0.0,green synthesis using spirulina sp,30.0,60.0,26.57,spherical,ZOI,Escherichia coli,MTCC443,10.0,18,,,https://doi.org/10.1016/j.jksus.2024.103336,,0.0,water,40.0,1440.0,AgNO3,1.0,,
10,Ag,,0.0,green synthesis using spirulina sp,30.0,60.0,26.57,spherical,ZOI,Streptococcus pyogenes,MTCC1982,10.0,17,,,https://doi.org/10.1016/j.jksus.2024.103336,,0.0,water,40.0,1440.0,AgNO3,1.0,,
11,Ag,,0.0,green synthesis using s. subsalsa,30.0,60.0,26.57,spherical,ZOI,Acinetobacter baumannii,MTCC1425,10.0,18,,,https://doi.org/10.1016/j.jksus.2024.103336,,0.0,water,40.0,1440.0,AgNO3,1.0,,
12,Ag,,0.0,green synthesis using s. subsalsa,30.0,60.0,26.57,spherical,ZOI,Escherichia coli,MTCC443,10.0,18,,,https://doi.org/10.1016/j.jksus.2024.103336,,0.0,water,40.0,1440.0,AgNO3,1.0,,
13,Ag,,0.0,green synthesis using s. subsalsa,30.0,60.0,26.57,spherical,ZOI,Streptococcus pyogenes,MTCC1982,10.0,17,,,https://doi.org/10.1016/j.jksus.2024.103336,,0.0,water,40.0,1440.0,AgNO3,1.0,,
14,Ag,,0.0,green synthesis using actinobacteria strain hgg16n,8.0,48.0,23.0,spherical,ZOI,Escherichia coli,ATCC 8739,6.25,6,-32.0,https://www.sciencedirect.com/science/article/pii/S1684118216300238?via%3Dihub,https://doi.org/10.1016/j.jmii.2016.03.002,24.0,0.0,water,26.0,10080.0,AgNO3,3.0,100.0,
15,Ag,,0.0,green synthesis using actinobacteria strain hgg16n,8.0,48.0,23.0,spherical,ZOI,Salmonella infantis,,6.25,,-32.0,https://www.sciencedirect.com/science/article/pii/S1684118216300238?via%3Dihub,https://doi.org/10.1016/j.jmii.2016.03.002,24.0,0.0,water,26.0,10080.0,AgNO3,3.0,100.0,
16,Ag,,0.0,green synthesis using actinobacteria strain hgg16n,8.0,48.0,23.0,spherical,ZOI,Klebsiella pneumoniae,ATCC 700603,6.25,6,-32.0,https://www.sciencedirect.com/science/article/pii/S1684118216300238?via%3Dihub,https://doi.org/10.1016/j.jmii.2016.03.002,24.0,0.0,water,26.0,10080.0,AgNO3,3.0,100.0,
17,Ag,,0.0,green synthesis using actinobacteria strain hgg16n,8.0,48.0,23.0,spherical,ZOI,Bacillus subtilis ,PCM 2021,6.25,6,-32.0,https://www.sciencedirect.com/science/article/pii/S1684118216300238?via%3Dihub,https://doi.org/10.1016/j.jmii.2016.03.002,24.0,0.0,water,26.0,10080.0,AgNO3,3.0,100.0,
18,Ag,,0.0,green synthesis using actinobacteria strain hgg16n,8.0,48.0,23.0,spherical,ZOI,Staphylococcus aureus,ATCC 6338,6.25,10,-32.0,https://www.sciencedirect.com/science/article/pii/S1684118216300238?via%3Dihub,https://doi.org/10.1016/j.jmii.2016.03.002,24.0,0.0,water,26.0,10080.0,AgNO3,3.0,100.0,
19,Ag,,0.0,green synthesis using actinobacteria strain hgg16n,8.0,48.0,23.0,spherical,ZOI,Pseudomonas aeruginosa,ATCC 10145,25.0,10,-32.0,https://www.sciencedirect.com/science/article/pii/S1684118216300238?via%3Dihub,https://doi.org/10.1016/j.jmii.2016.03.002,24.0,0.0,water,26.0,10080.0,AgNO3,3.0,100.0,
20,Ag,,0.0,green synthesis using actinobacteria strain hgg16n,8.0,48.0,23.0,spherical,ZOI,Proteus mirabilis,,50.0,10,-32.0,https://www.sciencedirect.com/science/article/pii/S1684118216300238?via%3Dihub,https://doi.org/10.1016/j.jmii.2016.03.002,24.0,0.0,water,26.0,10080.0,AgNO3,3.0,100.0,
21,,Ag/AgCl-NPs,0.0,green synthesis using origanum ehrenbergii,1.0,40.0,13.5,pseudo-spherical,ZOI,Enterococcus faecium,,62.5,7,,https://www.sciencedirect.com/science/article/pii/S2590048X24000244?via%3Dihub,doi.org/10.1016/j.rinma.2024.100550,24.0,0.0,distilled water,60.0,30.0,AgNO3,1.0,,
22,,Ag/AgCl-NPs,0.0,green synthesis using origanum ehrenbergii,1.0,40.0,13.5,pseudo-spherical,ZOI,Staphylococcus aureus,,62.5,9,,https://www.sciencedirect.com/science/article/pii/S2590048X24000244?via%3Dihub,doi.org/10.1016/j.rinma.2024.100551,24.0,0.0,distilled water,60.0,30.0,AgNO3,1.0,,
23,,Ag/AgCl-NPs,0.0,green synthesis using origanum ehrenbergii,1.0,40.0,13.5,pseudo-spherical,ZOI,Staphylococcus haemolyticus,,62.5,8,,https://www.sciencedirect.com/science/article/pii/S2590048X24000244?via%3Dihub,doi.org/10.1016/j.rinma.2024.100552,24.0,0.0,distilled water,60.0,30.0,AgNO3,1.0,,
24,,Ag/AgCl-NPs,0.0,green synthesis using origanum ehrenbergii,1.0,40.0,13.5,pseudo-spherical,ZOI,Citrobacter braakii,,62.5,8.3,,https://www.sciencedirect.com/science/article/pii/S2590048X24000244?via%3Dihub,doi.org/10.1016/j.rinma.2024.100553,24.0,0.0,distilled water,60.0,30.0,AgNO3,1.0,,
25,,Ag/AgCl-NPs,0.0,green synthesis using origanum ehrenbergii,1.0,40.0,13.5,pseudo-spherical,ZOI,Pseudomonas aeruginosa,,62.5,9,,https://www.sciencedirect.com/science/article/pii/S2590048X24000244?via%3Dihub,doi.org/10.1016/j.rinma.2024.100554,24.0,0.0,distilled water,60.0,30.0,AgNO3,1.0,,
26,,Ag/AgCl-NPs,0.0,green synthesis using origanum ehrenbergii,1.0,40.0,13.5,pseudo-spherical,ZOI,Escherichia coli,,62.5,7.3,,https://www.sciencedirect.com/science/article/pii/S2590048X24000244?via%3Dihub,doi.org/10.1016/j.rinma.2024.100555,24.0,0.0,distilled water,60.0,30.0,AgNO3,1.0,,
27,,Ag/AgCl-NPs,0.0,green synthesis using origanum ehrenbergii,1.0,40.0,13.5,pseudo-spherical,ZOI,Stenotrophomonas maltophilia,,62.5,9.3,,https://www.sciencedirect.com/science/article/pii/S2590048X24000244?via%3Dihub,doi.org/10.1016/j.rinma.2024.100556,24.0,0.0,distilled water,60.0,30.0,AgNO3,1.0,,
28,,Ag/AgCl-NPs,0.0,green synthesis using origanum ehrenbergii,1.0,40.0,13.5,pseudo-spherical,ZOI,Klebsiella pneumoniae,,62.5,7.3,,https://www.sciencedirect.com/science/article/pii/S2590048X24000244?via%3Dihub,doi.org/10.1016/j.rinma.2024.100557,24.0,0.0,distilled water,60.0,30.0,AgNO3,1.0,,
29,,Ag/AgCl-NPs,0.0,green synthesis using origanum ehrenbergii,1.0,40.0,13.5,pseudo-spherical,ZOI,Enterococcus faecium,,125.0,8,,https://www.sciencedirect.com/science/article/pii/S2590048X24000244?via%3Dihub,doi.org/10.1016/j.rinma.2024.100550,24.0,0.0,distilled water,60.0,30.0,AgNO3,1.0,,
30,,Ag/AgCl-NPs,0.0,green synthesis using origanum ehrenbergii,1.0,40.0,13.5,pseudo-spherical,ZOI,Staphylococcus aureus,,125.0,10,,https://www.sciencedirect.com/science/article/pii/S2590048X24000244?via%3Dihub,doi.org/10.1016/j.rinma.2024.100551,24.0,0.0,distilled water,60.0,30.0,AgNO3,1.0,,
31,,Ag/AgCl-NPs,0.0,green synthesis using origanum ehrenbergii,1.0,40.0,13.5,pseudo-spherical,ZOI,Staphylococcus haemolyticus,,125.0,10,,https://www.sciencedirect.com/science/article/pii/S2590048X24000244?via%3Dihub,doi.org/10.1016/j.rinma.2024.100552,24.0,0.0,distilled water,60.0,30.0,AgNO3,1.0,,
32,,Ag/AgCl-NPs,0.0,green synthesis using origanum ehrenbergii,1.0,40.0,13.5,pseudo-spherical,ZOI,Citrobacter braakii,,125.0,9,,https://www.sciencedirect.com/science/article/pii/S2590048X24000244?via%3Dihub,doi.org/10.1016/j.rinma.2024.100553,24.0,0.0,distilled water,60.0,30.0,AgNO3,1.0,,
33,,Ag/AgCl-NPs,0.0,green synthesis using origanum ehrenbergii,1.0,40.0,13.5,pseudo-spherical,ZOI,Pseudomonas aeruginosa,,125.0,10.3,,https://www.sciencedirect.com/science/article/pii/S2590048X24000244?via%3Dihub,doi.org/10.1016/j.rinma.2024.100554,24.0,0.0,distilled water,60.0,30.0,AgNO3,1.0,,
34,,Ag/AgCl-NPs,0.0,green synthesis using origanum ehrenbergii,1.0,40.0,13.5,pseudo-spherical,ZOI,Escherichia coli,,125.0,8.6,,https://www.sciencedirect.com/science/article/pii/S2590048X24000244?via%3Dihub,doi.org/10.1016/j.rinma.2024.100555,24.0,0.0,distilled water,60.0,30.0,AgNO3,1.0,,
35,,Ag/AgCl-NPs,0.0,green synthesis using origanum ehrenbergii,1.0,40.0,13.5,pseudo-spherical,ZOI,Stenotrophomonas maltophilia,,125.0,10.3,,https://www.sciencedirect.com/science/article/pii/S2590048X24000244?via%3Dihub,doi.org/10.1016/j.rinma.2024.100556,24.0,0.0,distilled water,60.0,30.0,AgNO3,1.0,,
36,,Ag/AgCl-NPs,0.0,green synthesis using origanum ehrenbergii,1.0,40.0,13.5,pseudo-spherical,ZOI,Klebsiella pneumoniae,,125.0,8.3,,https://www.sciencedirect.com/science/article/pii/S2590048X24000244?via%3Dihub,doi.org/10.1016/j.rinma.2024.100557,24.0,0.0,distilled water,60.0,30.0,AgNO3,1.0,,
37,,Ag/AgCl-NPs,0.0,green synthesis using origanum ehrenbergii,1.0,40.0,13.5,pseudo-spherical,ZOI,Enterococcus faecium,,250.0,10,,https://www.sciencedirect.com/science/article/pii/S2590048X24000244?via%3Dihub,doi.org/10.1016/j.rinma.2024.100550,24.0,0.0,distilled water,60.0,30.0,AgNO3,1.0,,
38,,Ag/AgCl-NPs,0.0,green synthesis using origanum ehrenbergii,1.0,40.0,13.5,pseudo-spherical,ZOI,Staphylococcus aureus,,250.0,11,,https://www.sciencedirect.com/science/article/pii/S2590048X24000244?via%3Dihub,doi.org/10.1016/j.rinma.2024.100551,24.0,0.0,distilled water,60.0,30.0,AgNO3,1.0,,
39,,Ag/AgCl-NPs,0.0,green synthesis using origanum ehrenbergii,1.0,40.0,13.5,pseudo-spherical,ZOI,Staphylococcus haemolyticus,,250.0,12,,https://www.sciencedirect.com/science/article/pii/S2590048X24000244?via%3Dihub,doi.org/10.1016/j.rinma.2024.100552,24.0,0.0,distilled water,60.0,30.0,AgNO3,1.0,,
40,,Ag/AgCl-NPs,0.0,green synthesis using origanum ehrenbergii,1.0,40.0,13.5,pseudo-spherical,ZOI,Citrobacter braakii,,250.0,9.3,,https://www.sciencedirect.com/science/article/pii/S2590048X24000244?via%3Dihub,doi.org/10.1016/j.rinma.2024.100553,24.0,0.0,distilled water,60.0,30.0,AgNO3,1.0,,
41,,Ag/AgCl-NPs,0.0,green synthesis using origanum ehrenbergii,1.0,40.0,13.5,pseudo-spherical,ZOI,Pseudomonas aeruginosa,,250.0,11.6,,https://www.sciencedirect.com/science/article/pii/S2590048X24000244?via%3Dihub,doi.org/10.1016/j.rinma.2024.100554,24.0,0.0,distilled water,60.0,30.0,AgNO3,1.0,,
42,,Ag/AgCl-NPs,0.0,green synthesis using origanum ehrenbergii,1.0,40.0,13.5,pseudo-spherical,ZOI,Escherichia coli,,250.0,10.3,,https://www.sciencedirect.com/science/article/pii/S2590048X24000244?via%3Dihub,doi.org/10.1016/j.rinma.2024.100555,24.0,0.0,distilled water,60.0,30.0,AgNO3,1.0,,
43,,Ag/AgCl-NPs,0.0,green synthesis using origanum ehrenbergii,1.0,40.0,13.5,pseudo-spherical,ZOI,Stenotrophomonas maltophilia,,250.0,11.3,,https://www.sciencedirect.com/science/article/pii/S2590048X24000244?via%3Dihub,doi.org/10.1016/j.rinma.2024.100556,24.0,0.0,distilled water,60.0,30.0,AgNO3,1.0,,
44,,Ag/AgCl-NPs,0.0,green synthesis using origanum ehrenbergii,1.0,40.0,13.5,pseudo-spherical,ZOI,Klebsiella pneumoniae,,250.0,9.3,,https://www.sciencedirect.com/science/article/pii/S2590048X24000244?via%3Dihub,doi.org/10.1016/j.rinma.2024.100557,24.0,0.0,distilled water,60.0,30.0,AgNO3,1.0,,
45,,Ag/AgCl-NPs,0.0,green synthesis using origanum ehrenbergii,1.0,40.0,13.5,pseudo-spherical,ZOI,Enterococcus faecium,,500.0,12,,https://www.sciencedirect.com/science/article/pii/S2590048X24000244?via%3Dihub,doi.org/10.1016/j.rinma.2024.100550,24.0,0.0,distilled water,60.0,30.0,AgNO3,1.0,,
46,,Ag/AgCl-NPs,0.0,green synthesis using origanum ehrenbergii,1.0,40.0,13.5,pseudo-spherical,ZOI,Staphylococcus aureus,,500.0,12,,https://www.sciencedirect.com/science/article/pii/S2590048X24000244?via%3Dihub,doi.org/10.1016/j.rinma.2024.100551,24.0,0.0,distilled water,60.0,30.0,AgNO3,1.0,,
47,,Ag/AgCl-NPs,0.0,green synthesis using origanum ehrenbergii,1.0,40.0,13.5,pseudo-spherical,ZOI,Staphylococcus haemolyticus,,500.0,14,,https://www.sciencedirect.com/science/article/pii/S2590048X24000244?via%3Dihub,doi.org/10.1016/j.rinma.2024.100552,24.0,0.0,distilled water,60.0,30.0,AgNO3,1.0,,
48,,Ag/AgCl-NPs,0.0,green synthesis using origanum ehrenbergii,1.0,40.0,13.5,pseudo-spherical,ZOI,Citrobacter braakii,,500.0,10.3,,https://www.sciencedirect.com/science/article/pii/S2590048X24000244?via%3Dihub,doi.org/10.1016/j.rinma.2024.100553,24.0,0.0,distilled water,60.0,30.0,AgNO3,1.0,,
49,,Ag/AgCl-NPs,0.0,green synthesis using origanum ehrenbergii,1.0,40.0,13.5,pseudo-spherical,ZOI,Pseudomonas aeruginosa,,500.0,14.3,,https://www.sciencedirect.com/science/article/pii/S2590048X24000244?via%3Dihub,doi.org/10.1016/j.rinma.2024.100554,24.0,0.0,distilled water,60.0,30.0,AgNO3,1.0,,
50,,Ag/AgCl-NPs,0.0,green synthesis using origanum ehrenbergii,1.0,40.0,13.5,pseudo-spherical,ZOI,Escherichia coli,,500.0,11,,https://www.sciencedirect.com/science/article/pii/S2590048X24000244?via%3Dihub,doi.org/10.1016/j.rinma.2024.100555,24.0,0.0,distilled water,60.0,30.0,AgNO3,1.0,,
51,,Ag/AgCl-NPs,0.0,green synthesis using origanum ehrenbergii,1.0,40.0,13.5,pseudo-spherical,ZOI,Stenotrophomonas maltophilia,,500.0,12.3,,https://www.sciencedirect.com/science/article/pii/S2590048X24000244?via%3Dihub,doi.org/10.1016/j.rinma.2024.100556,24.0,0.0,distilled water,60.0,30.0,AgNO3,1.0,,
52,,Ag/AgCl-NPs,0.0,green synthesis using origanum ehrenbergii,1.0,40.0,13.5,pseudo-spherical,ZOI,Klebsiella pneumoniae,,500.0,10.3,,https://www.sciencedirect.com/science/article/pii/S2590048X24000244?via%3Dihub,doi.org/10.1016/j.rinma.2024.100557,24.0,0.0,distilled water,60.0,30.0,AgNO3,1.0,,
53,,Ag/AgCl-NPs,0.0,green synthesis using origanum ehrenbergii,1.0,40.0,13.5,pseudo-spherical,ZOI,Enterococcus faecium,,1000.0,13,,https://www.sciencedirect.com/science/article/pii/S2590048X24000244?via%3Dihub,doi.org/10.1016/j.rinma.2024.100550,24.0,0.0,distilled water,60.0,30.0,AgNO3,1.0,,
54,,Ag/AgCl-NPs,0.0,green synthesis using origanum ehrenbergii,1.0,40.0,13.5,pseudo-spherical,ZOI,Staphylococcus aureus,,1000.0,13,,https://www.sciencedirect.com/science/article/pii/S2590048X24000244?via%3Dihub,doi.org/10.1016/j.rinma.2024.100551,24.0,0.0,distilled water,60.0,30.0,AgNO3,1.0,,
55,,Ag/AgCl-NPs,0.0,green synthesis using origanum ehrenbergii,1.0,40.0,13.5,pseudo-spherical,ZOI,Staphylococcus haemolyticus,,1000.0,16,,https://www.sciencedirect.com/science/article/pii/S2590048X24000244?via%3Dihub,doi.org/10.1016/j.rinma.2024.100552,24.0,0.0,distilled water,60.0,30.0,AgNO3,1.0,,
56,,Ag/AgCl-NPs,0.0,green synthesis using origanum ehrenbergii,1.0,40.0,13.5,pseudo-spherical,ZOI,Citrobacter braakii,,1000.0,11,,https://www.sciencedirect.com/science/article/pii/S2590048X24000244?via%3Dihub,doi.org/10.1016/j.rinma.2024.100553,24.0,0.0,distilled water,60.0,30.0,AgNO3,1.0,,
57,,Ag/AgCl-NPs,0.0,green synthesis using origanum ehrenbergii,1.0,40.0,13.5,pseudo-spherical,ZOI,Pseudomonas aeruginosa,,1000.0,15.3,,https://www.sciencedirect.com/science/article/pii/S2590048X24000244?via%3Dihub,doi.org/10.1016/j.rinma.2024.100554,24.0,0.0,distilled water,60.0,30.0,AgNO3,1.0,,
58,,Ag/AgCl-NPs,0.0,green synthesis using origanum ehrenbergii,1.0,40.0,13.5,pseudo-spherical,ZOI,Escherichia coli,,1000.0,12,,https://www.sciencedirect.com/science/article/pii/S2590048X24000244?via%3Dihub,doi.org/10.1016/j.rinma.2024.100555,24.0,0.0,distilled water,60.0,30.0,AgNO3,1.0,,
59,,Ag/AgCl-NPs,0.0,green synthesis using origanum ehrenbergii,1.0,40.0,13.5,pseudo-spherical,ZOI,Stenotrophomonas maltophilia,,1000.0,13.3,,https://www.sciencedirect.com/science/article/pii/S2590048X24000244?via%3Dihub,doi.org/10.1016/j.rinma.2024.100556,24.0,0.0,distilled water,60.0,30.0,AgNO3,1.0,,
60,,Ag/AgCl-NPs,0.0,green synthesis using origanum ehrenbergii,1.0,40.0,13.5,pseudo-spherical,ZOI,Klebsiella pneumoniae,,1000.0,11.3,,https://www.sciencedirect.com/science/article/pii/S2590048X24000244?via%3Dihub,doi.org/10.1016/j.rinma.2024.100557,24.0,0.0,distilled water,60.0,30.0,AgNO3,1.0,,
61,,Pn-AgNPs,0.0,green synthesis using phyllanthus niruri ,20.0,20.0,20.0,spherical,ZOI,Escherichia coli ,ATCC 25922,100.0,22,,https://www.sciencedirect.com/science/article/pii/S2590048X24000244?via%3Dihub,doi.org/10.1016/j.rinma.2024.100550,24.0,0.0,distilled water,60.0,30.0,AgNO3,1.0,,
62,,Pn-AgNPs,0.0,green synthesis using phyllanthus niruri ,20.0,20.0,20.0,spherical,ZOI,Pseudomonas aeruginosa ATCC,ATCC 27853,100.0,30,,https://www.sciencedirect.com/science/article/pii/S2590048X24000244?via%3Dihub,doi.org/10.1016/j.rinma.2024.100551,24.0,0.0,distilled water,60.0,30.0,AgNO3,1.0,,
63,,Pn-AgNPs,0.0,green synthesis using phyllanthus niruri ,20.0,20.0,20.0,spherical,ZOI,Escherichia coli,,100.0,22,,https://www.sciencedirect.com/science/article/pii/S2590048X24000244?via%3Dihub,doi.org/10.1016/j.rinma.2024.100552,24.0,0.0,distilled water,60.0,30.0,AgNO3,1.0,,
64,,Pn-AgNPs,0.0,green synthesis using phyllanthus niruri ,20.0,20.0,20.0,spherical,ZOI,Pseudomonas aeruginosa,,100.0,17,,https://www.sciencedirect.com/science/article/pii/S2590048X24000244?via%3Dihub,doi.org/10.1016/j.rinma.2024.100553,24.0,0.0,distilled water,60.0,30.0,AgNO3,1.0,,
65,,Pn-AgNPs,0.0,green synthesis using phyllanthus niruri ,20.0,20.0,20.0,spherical,ZOI,Staphylococcus aureus,,100.0,15,,https://www.sciencedirect.com/science/article/pii/S2590048X24000244?via%3Dihub,doi.org/10.1016/j.rinma.2024.100554,24.0,0.0,distilled water,60.0,30.0,AgNO3,1.0,,
66,,Pn-AgNPs,0.0,green synthesis using phyllanthus niruri ,20.0,20.0,20.0,spherical,ZOI,Streptococcus spp,,100.0,19,,https://www.sciencedirect.com/science/article/pii/S2590048X24000244?via%3Dihub,doi.org/10.1016/j.rinma.2024.100555,24.0,0.0,distilled water,60.0,30.0,AgNO3,1.0,,
67,,Pn-AgNPs,0.0,green synthesis using phyllanthus niruri ,20.0,20.0,20.0,spherical,ZOI,Enterococcus faecalis,,100.0,10,,https://www.sciencedirect.com/science/article/pii/S2590048X24000244?via%3Dihub,doi.org/10.1016/j.rinma.2024.100556,24.0,0.0,distilled water,60.0,30.0,AgNO3,1.0,,
68,,Pn-AgNPs,0.0,green synthesis using phyllanthus niruri ,20.0,20.0,20.0,spherical,ZOI,Enterobacter cloacae,,100.0,13,,https://www.sciencedirect.com/science/article/pii/S2590048X24000244?via%3Dihub,doi.org/10.1016/j.rinma.2024.100557,24.0,0.0,distilled water,60.0,30.0,AgNO3,1.0,,
69,,Pn-AgNPs,0.0,green synthesis using phyllanthus niruri ,20.0,20.0,20.0,spherical,ZOI,Citrobacter freundii,,100.0,15,,https://www.sciencedirect.com/science/article/pii/S2590048X24000244?via%3Dihub,doi.org/10.1016/j.rinma.2024.100558,24.0,0.0,distilled water,60.0,30.0,AgNO3,1.0,,
70,,Pn-AgNPs,0.0,green synthesis using phyllanthus niruri ,20.0,20.0,20.0,spherical,ZOI,Salmonella typhi,,100.0,14,,https://www.sciencedirect.com/science/article/pii/S2590048X24000244?via%3Dihub,doi.org/10.1016/j.rinma.2024.100559,24.0,0.0,distilled water,60.0,30.0,AgNO3,1.0,,
71,,Pn-AgNPs,0.0,green synthesis using phyllanthus niruri ,20.0,20.0,20.0,spherical,ZOI,Staphylococcus aureus ,MRSA,100.0,17,,https://www.sciencedirect.com/science/article/pii/S2590048X24000244?via%3Dihub,doi.org/10.1016/j.rinma.2024.100560,24.0,1.0,distilled water,60.0,30.0,AgNO3,1.0,,
72,,Pn-AgNPs,0.0,green synthesis using phyllanthus niruri ,20.0,20.0,20.0,spherical,ZOI,Enterococc,VRE,100.0,16,,https://www.sciencedirect.com/science/article/pii/S2590048X24000244?via%3Dihub,doi.org/10.1016/j.rinma.2024.100561,24.0,1.0,distilled water,60.0,30.0,AgNO3,1.0,,
73,,Pn-AgNPs,0.0,green synthesis using phyllanthus niruri ,20.0,20.0,20.0,spherical,ZOI,Carbapenem-resistant Enterobacteriaceae,,100.0,13,,https://www.sciencedirect.com/science/article/pii/S2590048X24000244?via%3Dihub,doi.org/10.1016/j.rinma.2024.100562,24.0,0.0,distilled water,60.0,30.0,AgNO3,1.0,,
74,,Pn-AgNPs,0.0,green synthesis using phyllanthus niruri ,20.0,20.0,20.0,spherical,ZOI,Staphylococcus aureus ,MRSA,100.0,14,,https://www.sciencedirect.com/science/article/pii/S2590048X24000244?via%3Dihub,doi.org/10.1016/j.rinma.2024.100563,24.0,1.0,distilled water,60.0,30.0,AgNO3,1.0,,
75,,AgNPs,0.0,green synthesis using phoenix dactylifera seed,14.0,30.0,22.0,spherical,ZOI,Staphylococcus aureus ,ATCC 43300,500.0,24,,https://onlinelibrary.wiley.com/doi/full/10.1155/2018/1860280,doi.org/10.1155/2018/1860280,24.0,1.0,distilled water,80.0,20.0,AgNO3,1.0,32.1,
76,,AgNPs,0.0,green synthesis using phoenix dactylifera seed,14.0,30.0,22.0,spherical,ZOI,Staphylococcus aureus ,ATCC 43301,250.0,20.5,,https://onlinelibrary.wiley.com/doi/full/10.1155/2018/1860280,doi.org/10.1155/2018/1860280,24.0,1.0,distilled water,80.0,20.0,AgNO3,1.0,32.1,
77,,AgNPs,0.0,green synthesis using phoenix dactylifera seed,14.0,30.0,22.0,spherical,ZOI,Staphylococcus aureus ,ATCC 43302,125.0,18,,https://onlinelibrary.wiley.com/doi/full/10.1155/2018/1860280,doi.org/10.1155/2018/1860280,24.0,1.0,distilled water,80.0,20.0,AgNO3,1.0,32.1,
78,,AgNPs,0.0,green synthesis using phoenix dactylifera seed,14.0,30.0,22.0,spherical,ZOI,Staphylococcus aureus ,ATCC 43303,62.5,16.5,,https://onlinelibrary.wiley.com/doi/full/10.1155/2018/1860280,doi.org/10.1155/2018/1860280,24.0,1.0,distilled water,80.0,20.0,AgNO3,1.0,32.1,
79,,AgNPs,0.0,green synthesis using phoenix dactylifera seed,14.0,30.0,22.0,spherical,ZOI,Staphylococcus aureus ,ATCC 43304,31.25,17.5,,https://onlinelibrary.wiley.com/doi/full/10.1155/2018/1860280,doi.org/10.1155/2018/1860280,24.0,1.0,distilled water,80.0,20.0,AgNO3,1.0,32.1,
80,,AgNPs,0.0,green synthesis using phoenix dactylifera seed,14.0,30.0,22.0,spherical,ZOI,Staphylococcus aureus ,ATCC 43305,15.6,12,,https://onlinelibrary.wiley.com/doi/full/10.1155/2018/1860280,doi.org/10.1155/2018/1860280,24.0,1.0,distilled water,80.0,20.0,AgNO3,1.0,32.1,
81,,AgNPs,0.0,green synthesis using phoenix dactylifera seed,14.0,30.0,22.0,spherical,ZOI,Staphylococcus aureus ,ATCC 43306,7.8,11,,https://onlinelibrary.wiley.com/doi/full/10.1155/2018/1860280,doi.org/10.1155/2018/1860280,24.0,1.0,distilled water,80.0,20.0,AgNO3,1.0,32.1,
82,,AgNPs.,0.0,green synthesis using ricinus communis,50.0,50.0,50.0,spherical,ZOI,Escherichia coli,,,3,,https://www.sciencedirect.com/science/article/pii/S240584402302950X?via%3Dihub#bib46,http://doi.org/10.1016/j.heliyon.2023.e15743,24.0,0.0,double-distilled water,25.0,720.0,AgNO3,1.0,,
83,,AgNPs.,0.0,green synthesis using ricinus communis,50.0,50.0,50.0,spherical,ZOI,Salmonella typhi,,,7,,https://www.sciencedirect.com/science/article/pii/S240584402302950X?via%3Dihub#bib47,http://doi.org/10.1016/j.heliyon.2023.e15744,24.0,0.0,double-distilled water,25.0,720.0,AgNO3,1.0,,
84,,AgNPs.,0.0,green synthesis using ricinus communis,50.0,50.0,50.0,spherical,ZOI,Staphylococcus aureus,,,6,,https://www.sciencedirect.com/science/article/pii/S240584402302950X?via%3Dihub#bib48,http://doi.org/10.1016/j.heliyon.2023.e15745,24.0,0.0,double-distilled water,25.0,720.0,AgNO3,1.0,,
85,,AgNPs,0.0,green green synthesis using commiphora myrrh,0.5,25.0,22.57,spherical,ZOI,Escherichia coli,ATCC 35218,100.0,30,,https://www.sciencedirect.com/science/article/pii/S1018364720303001?via%3Dihub,https://doi.org/10.1016/j.jksus.2020.09.024,24.0,0.0,triple-deionized water,65.0,300.0,AgNO3,10.0,,
86,,AgNPs,0.0,green green synthesis using commiphora myrrh,0.5,25.0,22.57,spherical,ZOI,Staphylococcus aureus,ATCC 43300,100.0,45,,https://www.sciencedirect.com/science/article/pii/S1018364720303001?via%3Dihub,https://doi.org/10.1016/j.jksus.2020.09.025,24.0,0.0,triple-deionized water,65.0,300.0,AgNO3,10.0,,
87,,AgNPs,0.0,green green synthesis using commiphora myrrh,0.5,25.0,22.57,spherical,ZOI,Enterococcus faecalis,ATCC 29212,100.0,59,,https://www.sciencedirect.com/science/article/pii/S1018364720303001?via%3Dihub,https://doi.org/10.1016/j.jksus.2020.09.026,24.0,0.0,triple-deionized water,65.0,300.0,AgNO3,10.0,,
88,,AgNPs,0.0,green green synthesis using commiphora myrrh,0.5,25.0,22.57,spherical,ZOI,Bacillus cereus,ATCC 11778,100.0,51,,https://www.sciencedirect.com/science/article/pii/S1018364720303001?via%3Dihub,https://doi.org/10.1016/j.jksus.2020.09.027,24.0,0.0,triple-deionized water,65.0,300.0,AgNO3,10.0,,
89,,AgNPs,0.0,green synthesis using melissa officinalis,12.0,12.0,12.0,spherical,ZOI,Staphylococcus aureus,,1.0,6,,https://www.sciencedirect.com/science/article/pii/S2211379717309932?via%3Dihub,doi.org/10.1016/j.rinp.2017.07.044,24.0,0.0,distilled water,100.0,10.0,AgNO3,5.0,,
90,,AgNPs,0.0,green synthesis using melissa officinalis,12.0,12.0,12.0,spherical,ZOI,Escherichia coli,,1.0,5,,https://www.sciencedirect.com/science/article/pii/S2211379717309932?via%3Dihub,doi.org/10.1016/j.rinp.2017.07.045,24.0,0.0,distilled water,100.0,10.0,AgNO3,5.0,,
91,,AgNPs,0.0,green synthesis using melissa officinalis,12.0,12.0,12.0,spherical,ZOI,Staphylococcus aureus,,3.0,6.5,,https://www.sciencedirect.com/science/article/pii/S2211379717309932?via%3Dihub,doi.org/10.1016/j.rinp.2017.07.046,24.0,0.0,distilled water,100.0,10.0,AgNO3,5.0,,
92,,AgNPs,0.0,green synthesis using melissa officinalis,12.0,12.0,12.0,spherical,ZOI,Escherichia coli,,3.0,6,,https://www.sciencedirect.com/science/article/pii/S2211379717309932?via%3Dihub,doi.org/10.1016/j.rinp.2017.07.047,24.0,0.0,distilled water,100.0,10.0,AgNO3,5.0,,
93,,AgNPs,0.0,green synthesis using melissa officinalis,12.0,12.0,12.0,spherical,ZOI,Staphylococcus aureus,,5.0,8,,https://www.sciencedirect.com/science/article/pii/S2211379717309932?via%3Dihub,doi.org/10.1016/j.rinp.2017.07.048,24.0,0.0,distilled water,100.0,10.0,AgNO3,5.0,,
94,,AgNPs,0.0,green synthesis using melissa officinalis,12.0,12.0,12.0,spherical,ZOI,Escherichia coli,,5.0,7,,https://www.sciencedirect.com/science/article/pii/S2211379717309932?via%3Dihub,doi.org/10.1016/j.rinp.2017.07.049,24.0,0.0,distilled water,100.0,10.0,AgNO3,5.0,,
95,,AgNPs,0.0,green synthesis using melissa officinalis,12.0,12.0,12.0,spherical,ZOI,Staphylococcus aureus,,9.0,10,,https://www.sciencedirect.com/science/article/pii/S2211379717309932?via%3Dihub,doi.org/10.1016/j.rinp.2017.07.050,24.0,0.0,distilled water,100.0,10.0,AgNO3,5.0,,
96,,AgNPs,0.0,green synthesis using melissa officinalis,12.0,12.0,12.0,spherical,ZOI,Escherichia coli,,9.0,6,,https://www.sciencedirect.com/science/article/pii/S2211379717309932?via%3Dihub,doi.org/10.1016/j.rinp.2017.07.051,24.0,0.0,distilled water,100.0,10.0,AgNO3,5.0,,
97,,AgNPs,0.0,green synthesis using melissa officinalis,12.0,12.0,12.0,spherical,ZOI,Staphylococcus aureus,,15.0,11,,https://www.sciencedirect.com/science/article/pii/S2211379717309932?via%3Dihub,doi.org/10.1016/j.rinp.2017.07.052,24.0,0.0,distilled water,100.0,10.0,AgNO3,5.0,,
98,,AgNPs,0.0,green synthesis using melissa officinalis,12.0,12.0,12.0,spherical,ZOI,Escherichia coli,,15.0,12,,https://www.sciencedirect.com/science/article/pii/S2211379717309932?via%3Dihub,doi.org/10.1016/j.rinp.2017.07.053,24.0,0.0,distilled water,100.0,10.0,AgNO3,5.0,,
99,,AgNPs,0.0,green synthesis using melissa officinalis,12.0,12.0,12.0,spherical,ZOI,Staphylococcus aureus,,20.0,15.5,,https://www.sciencedirect.com/science/article/pii/S2211379717309932?via%3Dihub,doi.org/10.1016/j.rinp.2017.07.054,24.0,0.0,distilled water,100.0,10.0,AgNO3,5.0,,
100,,AgNPs,0.0,green synthesis using melissa officinalis,12.0,12.0,12.0,spherical,ZOI,Escherichia coli,,20.0,12.5,,https://www.sciencedirect.com/science/article/pii/S2211379717309932?via%3Dihub,doi.org/10.1016/j.rinp.2017.07.055,24.0,0.0,distilled water,100.0,10.0,AgNO3,5.0,,
101,,AgNPs,0.0,green synthesis using acacia nilotica,11.25,11.25,11.25,spherical,ZOI,Escherichia coli,ATCC 25922,100.0,24,,https://www.sciencedirect.com/science/article/pii/S1319562X19301676?via%3Dihub#s0010,https://doi.org/10.1016/j.sjbs.2019.09.005,24.0,0.0,double-distilled water,100.0,60.0,AgNO3,1.0,,
102,,AgNPs,0.0,green synthesis using acacia nilotica,11.25,11.25,11.25,spherical,ZOI,Pseudomonas aeruginosa,ATCC 27853,100.0,15,,https://www.sciencedirect.com/science/article/pii/S1319562X19301676?via%3Dihub#s0011,https://doi.org/10.1016/j.sjbs.2019.09.006,24.0,0.0,double-distilled water,100.0,60.0,AgNO3,1.0,,
103,,AgNPs,0.0,green synthesis using acacia nilotica,11.25,11.25,11.25,spherical,ZOI,Staphylococcus aureus ,MRSA,100.0,20,,https://www.sciencedirect.com/science/article/pii/S1319562X19301676?via%3Dihub#s0012,https://doi.org/10.1016/j.sjbs.2019.09.007,24.0,1.0,double-distilled water,100.0,60.0,AgNO3,1.0,,
104,,AgNP,0.0,green synthesis using fungal filtrate the heavy metal resistant strain amycolatopsis tucumanensis,35.0,35.0,35.0,spherical,ZOI,Acidovorax avenae subsp. avenae,,8.0,11,-48.2,https://www.sciencedirect.com/science/article/pii/S2405844022007605?via%3Dihub#appsec1,https://doi.org/10.1016/j.heliyon.2022.e09472,24.0,0.0,,25.0,15.0,AgNO3,,35.0,7.0
105,,AgNP,0.0,green synthesis using fungal filtrate the heavy metal resistant strain amycolatopsis tucumanensis,35.0,35.0,35.0,spherical,ZOI,Acidovorax avenae subsp. avenae,,40.0,14,-48.2,https://www.sciencedirect.com/science/article/pii/S2405844022007605?via%3Dihub#appsec2,https://doi.org/10.1016/j.heliyon.2022.e09473,24.0,0.0,,25.0,15.0,AgNO3,,35.0,7.0
106,,AgNP,0.0,green synthesis using fungal filtrate the heavy metal resistant strain amycolatopsis tucumanensis,35.0,35.0,35.0,spherical,ZOI,Acidovorax avenae subsp. avenae,,80.0,18.5,-48.2,https://www.sciencedirect.com/science/article/pii/S2405844022007605?via%3Dihub#appsec3,https://doi.org/10.1016/j.heliyon.2022.e09474,24.0,0.0,,25.0,15.0,AgNO3,,35.0,7.0
107,,MK-AgNP,0.0,green synthesis using murraya koenigii,5.0,20.0,13.54,spheroidal,ZOI,Staphylococcus aureus,MRSA,100.0,17,,https://onlinelibrary.wiley.com/doi/10.1155/2019/4649506,https://doi.org/10.1155/2019/4649506,18.0,1.0,distilled water,100.0,60.0,AgNO3,1.0,,
108,,MK-AgNP,0.0,green synthesis using murraya koenigii,5.0,20.0,13.54,spheroidal,ZOI,Staphylococcus aureus ,MSSA1,100.0,18,,https://onlinelibrary.wiley.com/doi/10.1155/2019/4649507,https://doi.org/10.1155/2019/4649507,18.0,1.0,distilled water,100.0,60.0,AgNO3,1.0,,
109,,MK-AgNP,0.0,green synthesis using murraya koenigii,5.0,20.0,13.54,spheroidal,ZOI,Staphylococcus aureus ,MSSA2,100.0,16,,https://onlinelibrary.wiley.com/doi/10.1155/2019/4649508,https://doi.org/10.1155/2019/4649508,18.0,1.0,distilled water,100.0,60.0,AgNO3,1.0,,
110,,MK-AgNP,0.0,green synthesis using murraya koenigii,5.0,20.0,13.54,spheroidal,ZOI,Escherichia coli ,ECESβL1,100.0,17,,https://onlinelibrary.wiley.com/doi/10.1155/2019/4649509,https://doi.org/10.1155/2019/4649509,18.0,1.0,distilled water,100.0,60.0,AgNO3,1.0,,
111,,MK-AgNP,0.0,green synthesis using murraya koenigii,5.0,20.0,13.54,spheroidal,ZOI,Escherichia coli ,ECESβL2,100.0,17,,https://onlinelibrary.wiley.com/doi/10.1155/2019/4649510,https://doi.org/10.1155/2019/4649510,18.0,1.0,distilled water,100.0,60.0,AgNO3,1.0,,
112,,MK-AgNP,0.0,green synthesis using murraya koenigii,5.0,20.0,13.54,spheroidal,ZOI,Escherichia coli ,ECESβL3,100.0,16,,https://onlinelibrary.wiley.com/doi/10.1155/2019/4649511,https://doi.org/10.1155/2019/4649511,18.0,1.0,distilled water,100.0,60.0,AgNO3,1.0,,
113,,MK-AgNP,0.0,green synthesis using murraya koenigii,5.0,20.0,13.54,spheroidal,ZOI,Escherichia coli ,ECS,100.0,21,,https://onlinelibrary.wiley.com/doi/10.1155/2019/4649512,https://doi.org/10.1155/2019/4649512,18.0,1.0,distilled water,100.0,60.0,AgNO3,1.0,,
114,,Ag NPs,0.0,gamma irradiation,12.0,34.0,22.1,spherical,ZOI,Staphylococcus aureus,,10.0,12,,https://pubs.rsc.org/en/content/articlelanding/2022/ra/d2ra04717a,https://doi.org/10.1039/d2ra04717a,24.0,1.0,,,,AgNO3,1.0,22.1,7.0
115,,Ag NPs,0.0,gamma irradiation,12.0,34.0,22.1,spherical,ZOI,Enterococcus sp,,10.0,15,,https://pubs.rsc.org/en/content/articlelanding/2022/ra/d2ra04717a,https://doi.org/10.1039/d2ra04717a,24.0,1.0,,,,AgNO3,1.0,22.1,7.0
116,,Ag NPs,0.0,gamma irradiation,12.0,34.0,22.1,spherical,ZOI,Escherichia coli,,10.0,21,,https://pubs.rsc.org/en/content/articlelanding/2022/ra/d2ra04717a,https://doi.org/10.1039/d2ra04717a,24.0,1.0,,,,AgNO3,1.0,22.1,7.0
117,,Ag NPs,0.0,gamma irradiation,12.0,34.0,22.1,spherical,ZOI,Pseudomonas aeruginosa,,10.0,18,,https://pubs.rsc.org/en/content/articlelanding/2022/ra/d2ra04717a,https://doi.org/10.1039/d2ra04717a,24.0,1.0,,,,AgNO3,1.0,22.1,7.0
118,,Ag NPs,0.0,gamma irradiation,12.0,34.0,22.1,spherical,ZOI,Klebsiella pneumoniae,,10.0,20,,https://pubs.rsc.org/en/content/articlelanding/2022/ra/d2ra04717a,https://doi.org/10.1039/d2ra04717a,24.0,1.0,,,,AgNO3,1.0,22.1,7.0
119,,Ag NPs + CFM,0.0,gamma irradiation,12.0,34.0,22.1,spherical,ZOI,Staphylococcus aureus,,10.0,40,,https://pubs.rsc.org/en/content/articlelanding/2022/ra/d2ra04717a,https://doi.org/10.1039/d2ra04717a,24.0,1.0,,30.0,1440.0,AgNO3,1.0,22.1,7.0
120,,Ag NPs + CFM,0.0,gamma irradiation,12.0,34.0,22.1,spherical,ZOI,Enterococcus sp,,10.0,25,,https://pubs.rsc.org/en/content/articlelanding/2022/ra/d2ra04717a,https://doi.org/10.1039/d2ra04717a,24.0,1.0,,30.0,1440.0,AgNO3,1.0,22.1,7.0
121,,Ag NPs + CFM,0.0,gamma irradiation,12.0,34.0,22.1,spherical,ZOI,Escherichia coli,,10.0,33,,https://pubs.rsc.org/en/content/articlelanding/2022/ra/d2ra04717a,https://doi.org/10.1039/d2ra04717a,24.0,1.0,,30.0,1440.0,AgNO3,1.0,22.1,7.0
122,,Ag NPs + CFM,0.0,gamma irradiation,12.0,34.0,22.1,spherical,ZOI,Pseudomonas aeruginosa,,10.0,25,,https://pubs.rsc.org/en/content/articlelanding/2022/ra/d2ra04717a,https://doi.org/10.1039/d2ra04717a,24.0,1.0,,30.0,1440.0,AgNO3,1.0,22.1,7.0
123,,Ag NPs + CFM,0.0,gamma irradiation,12.0,34.0,22.1,spherical,ZOI,Klebsiella pneumoniae,,10.0,30,,https://pubs.rsc.org/en/content/articlelanding/2022/ra/d2ra04717a,https://doi.org/10.1039/d2ra04717a,24.0,1.0,,30.0,1440.0,AgNO3,1.0,22.1,7.0
124,,AgNPs,0.0,green synthesis using lignosus rhinocerotis,156.7,245.1,200.9,spherical,ZOI,Staphylococcus aureus,ATCC 25923,1000.0,14.3,-12.2,https://pubs.rsc.org/en/content/articlelanding/2022/ra/d2ra01734b,https://doi.org/10.1039/d2ra01734b,24.0,1.0,distilled water,60.0,30.0,AgNO3,10.0,200.9,
125,,AgNPs,0.0,green synthesis using lignosus rhinocerotis,156.7,245.1,200.9,spherical,ZOI,Pseudomonas aeruginosa,ATCC 27853,1000.0,13.3,-12.2,https://pubs.rsc.org/en/content/articlelanding/2022/ra/d2ra01734b,https://doi.org/10.1039/d2ra01734b,24.0,1.0,distilled water,60.0,30.0,AgNO3,10.0,200.9,
126,,AgNPs,1.0,green synthesis using lignosus rhinocerotis,106.3,153.3,129.8,spherical,ZOI,Staphylococcus aureus,ATCC 25923,1000.0,11.7,32.6,https://pubs.rsc.org/en/content/articlelanding/2022/ra/d2ra01734b,https://doi.org/10.1039/d2ra01734b,24.0,1.0,distilled water,60.0,30.0,AgNO3,10.0,58.4,
127,,AgNPs,1.0,green synthesis using lignosus rhinocerotis,106.3,153.3,129.8,spherical,ZOI,Pseudomonas aeruginosa,ATCC 27853,1000.0,8.3,32.6,https://pubs.rsc.org/en/content/articlelanding/2022/ra/d2ra01734b,https://doi.org/10.1039/d2ra01734b,24.0,1.0,distilled water,60.0,30.0,AgNO3,10.0,58.4,
128,,IS-AgNPs,0.0,green synthesis using streptomyces chiangmaiensis,6.1,23.75,13.57,spherical,ZOI,Acinetobacter baumannii,MDRAB,0.2,20.3,-27.9,https://pubs.rsc.org/en/content/articlelanding/2022/ra/d1ra08238h,https://doi.org/10.1039/d1ra08238h,24.0,1.0,sterile deionized water,37.0,1440.0,AgNO3,1.0,77.03,7.0
129,,IS-AgNPs,0.0,green synthesis using streptomyces chiangmaiensis,6.1,23.75,13.57,spherical,ZOI,Klebsiella pneumoniae,1617,0.2,12.6,-27.9,https://pubs.rsc.org/en/content/articlelanding/2022/ra/d1ra08238h,https://doi.org/10.1039/d1ra08238h,24.0,0.0,sterile deionized water,37.0,1440.0,AgNO3,1.0,77.03,7.0
130,,IS-AgNPs,0.0,green synthesis using streptomyces chiangmaiensis,6.1,23.75,13.57,spherical,ZOI,Pseudomonas aeruginosa,N90PS,0.2,20.3,-27.9,https://pubs.rsc.org/en/content/articlelanding/2022/ra/d1ra08238h,https://doi.org/10.1039/d1ra08238h,24.0,0.0,sterile deionized water,37.0,1440.0,AgNO3,1.0,77.03,7.0
131,,IS-AgNPs,0.0,green synthesis using streptomyces chiangmaiensis,6.1,23.75,13.57,spherical,ZOI,Escherichia coli,8465,0.2,21,-27.9,https://pubs.rsc.org/en/content/articlelanding/2022/ra/d1ra08238h,https://doi.org/10.1039/d1ra08238h,24.0,0.0,sterile deionized water,37.0,1440.0,AgNO3,1.0,77.03,7.0
132,,Ag NPs 1,0.0,chemical synthesis using sodium borohydride,1.41,2.33,1.87,spherical,ZOI,Pseudomonas aeruginosa,PAO1,180.0,3,,https://pubs.rsc.org/en/content/articlelanding/2019/na/c9na00017h,https://doi.org/10.1039/c9na00017h,24.0,0.0,MilliQ water,-2.0,120.0,AgNO3,20.0,,
133,,Ag NPs 1,0.0,chemical synthesis using sodium borohydride,1.41,2.33,1.87,spherical,ZOI,Staphylococcus epidermidis,ATCC 190918,180.0,3,,https://pubs.rsc.org/en/content/articlelanding/2019/na/c9na00017h,https://doi.org/10.1039/c9na00017h,24.0,0.0,MilliQ water,-2.0,120.0,AgNO3,20.0,,
134,,Ag NPs 1,0.0,chemical synthesis using sodium borohydride,1.41,2.33,1.87,spherical,ZOI,Escherichia coli,10P50,180.0,4,,https://pubs.rsc.org/en/content/articlelanding/2019/na/c9na00017h,https://doi.org/10.1039/c9na00017h,24.0,0.0,MilliQ water,-2.0,120.0,AgNO3,20.0,,
135,,Ag NPs 1,0.0,chemical synthesis using sodium borohydride,1.41,2.33,1.87,spherical,ZOI,Staphylococcus aureus,ATCC 19606,180.0,2,,https://pubs.rsc.org/en/content/articlelanding/2019/na/c9na00017h,https://doi.org/10.1039/c9na00017h,24.0,1.0,MilliQ water,-2.0,120.0,AgNO3,20.0,,
136,,Ag NPs 1,0.0,chemical synthesis using sodium borohydride,1.41,2.33,1.87,spherical,ZOI,Staphylococcus aureus,ATCC 25923,180.0,3.5,,https://pubs.rsc.org/en/content/articlelanding/2019/na/c9na00017h,https://doi.org/10.1039/c9na00017h,24.0,1.0,MilliQ water,-2.0,120.0,AgNO3,20.0,,
137,,Ag NPs 2,0.0,chemical synthesis using sodium borohydride,2.48,3.38,2.93,spherical,ZOI,Pseudomonas aeruginosa,PAO2,180.0,6,,https://pubs.rsc.org/en/content/articlelanding/2019/na/c9na00017h,https://doi.org/10.1039/c9na00017h,24.0,0.0,MilliQ water,-2.0,1440.0,AgNO3,20.0,,
138,,Ag NPs 2,0.0,chemical synthesis using sodium borohydride,2.48,3.38,2.93,spherical,ZOI,Staphylococcus epidermidis,ATCC 190919,180.0,8.5,,https://pubs.rsc.org/en/content/articlelanding/2019/na/c9na00017h,https://doi.org/10.1039/c9na00017h,24.0,0.0,MilliQ water,-2.0,1440.0,AgNO3,20.0,,
139,,Ag NPs 2,0.0,chemical synthesis using sodium borohydride,2.48,3.38,2.93,spherical,ZOI,Escherichia coli,10P51,180.0,7,,https://pubs.rsc.org/en/content/articlelanding/2019/na/c9na00017h,https://doi.org/10.1039/c9na00017h,24.0,0.0,MilliQ water,-2.0,1440.0,AgNO3,20.0,,
140,,Ag NPs 2,0.0,chemical synthesis using sodium borohydride,2.48,3.38,2.93,spherical,ZOI,Staphylococcus aureus,ATCC 32240,180.0,4,,https://pubs.rsc.org/en/content/articlelanding/2019/na/c9na00017h,https://doi.org/10.1039/c9na00017h,24.0,1.0,MilliQ water,-2.0,1440.0,AgNO3,20.0,,
141,,Ag NPs 2,0.0,chemical synthesis using sodium borohydride,5.07,7.99,6.53,spherical,ZOI,Staphylococcus aureus,ATCC 38557,180.0,6,,https://pubs.rsc.org/en/content/articlelanding/2019/na/c9na00017h,https://doi.org/10.1039/c9na00017h,24.0,1.0,MilliQ water,-2.0,1440.0,AgNO3,2.0,,
142,,Ag NPs 3,0.0,chemical synthesis using sodium borohydride,5.07,7.99,6.53,spherical,ZOI,Pseudomonas aeruginosa,PAO3,180.0,2,,https://pubs.rsc.org/en/content/articlelanding/2019/na/c9na00017h,https://doi.org/10.1039/c9na00017h,24.0,0.0,MilliQ water,-2.0,1440.0,AgNO3,2.0,,
143,,Ag NPs 3,0.0,chemical synthesis using sodium borohydride,5.07,7.99,6.53,spherical,ZOI,Staphylococcus epidermidis,ATCC 190920,180.0,2,,https://pubs.rsc.org/en/content/articlelanding/2019/na/c9na00017h,https://doi.org/10.1039/c9na00017h,24.0,0.0,MilliQ water,-2.0,1440.0,AgNO3,2.0,,
144,,Ag NPs 3,0.0,chemical synthesis using sodium borohydride,5.07,7.99,6.53,spherical,ZOI,Escherichia coli,10P52,180.0,2.5,,https://pubs.rsc.org/en/content/articlelanding/2019/na/c9na00017h,https://doi.org/10.1039/c9na00017h,24.0,0.0,MilliQ water,-2.0,1440.0,AgNO3,2.0,,
145,,Ag NPs 3,0.0,chemical synthesis using sodium borohydride,5.07,7.99,6.53,spherical,ZOI,Staphylococcus aureus,ATCC 44874,180.0,2,,https://pubs.rsc.org/en/content/articlelanding/2019/na/c9na00017h,https://doi.org/10.1039/c9na00017h,24.0,1.0,MilliQ water,-2.0,1440.0,AgNO3,2.0,,
146,,Ag NPs 3,0.0,chemical synthesis using sodium borohydride,5.07,7.99,6.53,spherical,ZOI,Staphylococcus aureus,ATCC 51191,180.0,2.5,,https://pubs.rsc.org/en/content/articlelanding/2019/na/c9na00017h,https://doi.org/10.1039/c9na00017h,24.0,1.0,MilliQ water,-2.0,1440.0,AgNO3,2.0,,
147,,AgNP,0.0,green synthesis using pisum sativum l.,30.0,30.0,30.0,spherical,ZOI,Pseudomonas aeruginosa,ATCC 27853,10.0,15,,https://www.sciencedirect.com/science/article/pii/S1018364722000787?via%3Dihub,https://doi.org/10.1016/j.jksus.2022.101897,24.0,0.0,double distilled water,100.0,10.0,AgNO3,1.0,,
148,,AgNP,0.0,green synthesis using pisum sativum l.,30.0,30.0,30.0,spherical,ZOI,Escherichia coli,ATCC 25922,10.0,17,,https://www.sciencedirect.com/science/article/pii/S1018364722000787?via%3Dihub,https://doi.org/10.1016/j.jksus.2022.101898,24.0,0.0,double distilled water,100.0,10.0,AgNO3,1.0,,
149,,AgNP,0.0,green synthesis using pisum sativum l.,30.0,30.0,30.0,spherical,ZOI,Enterococcus faecalis,700802,10.0,15,,https://www.sciencedirect.com/science/article/pii/S1018364722000787?via%3Dihub,https://doi.org/10.1016/j.jksus.2022.101899,24.0,0.0,double distilled water,100.0,10.0,AgNO3,1.0,,
150,,AgNP,0.0,green synthesis using pisum sativum l.,30.0,30.0,30.0,spherical,ZOI,Streptococcus gordonii,ATCC 49818,10.0,18,,https://www.sciencedirect.com/science/article/pii/S1018364722000787?via%3Dihub,https://doi.org/10.1016/j.jksus.2022.101900,24.0,0.0,double distilled water,100.0,10.0,AgNO3,1.0,,
151,,AgNP,0.0,green synthesis using pisum sativum l.,30.0,30.0,30.0,spherical,ZOI,Staphylococcus aureus,ATCC 4330,10.0,17,,https://www.sciencedirect.com/science/article/pii/S1018364722000787?via%3Dihub,https://doi.org/10.1016/j.jksus.2022.101901,24.0,1.0,double distilled water,100.0,10.0,AgNO3,1.0,,
152,,AgNP,0.0,green synthesis using pisum sativum l.,30.0,30.0,30.0,spherical,ZOI,Staphylococcus aureus,ATCC 25923,10.0,22,,https://www.sciencedirect.com/science/article/pii/S1018364722000787?via%3Dihub,https://doi.org/10.1016/j.jksus.2022.101902,24.0,0.0,double distilled water,100.0,10.0,AgNO3,1.0,,
153,,RH-AgNPs,0.0,green synthesis using rumex hastatus,77.0,77.0,77.0,spherical,ZOI,Staphylococcus aureus,,20.0,8,,https://www.sciencedirect.com/science/article/pii/S1018364721002494?via%3Dihub#s0080,https://doi.org/10.1016/j.jksus.2021.101587,,0.0,water,,120.0,AgNO3,20.0,,
154,,RH-AgNPs,0.0,green synthesis using rumex hastatus,77.0,77.0,77.0,spherical,ZOI,Escherichia coli,,20.0,8,,https://www.sciencedirect.com/science/article/pii/S1018364721002494?via%3Dihub#s0081,https://doi.org/10.1016/j.jksus.2021.101588,,0.0,water,,120.0,AgNO3,20.0,,
155,,RH-AgNPs,0.0,green synthesis using rumex hastatus,77.0,77.0,77.0,spherical,ZOI,Salmonella gallinarum,,20.0,7,,https://www.sciencedirect.com/science/article/pii/S1018364721002494?via%3Dihub#s0082,https://doi.org/10.1016/j.jksus.2021.101589,,0.0,water,,120.0,AgNO3,20.0,,
156,,RH-AgNPs,0.0,green synthesis using rumex hastatus,77.0,77.0,77.0,spherical,ZOI,Klebsiella pneumonia,,20.0,8,,https://www.sciencedirect.com/science/article/pii/S1018364721002494?via%3Dihub#s0083,https://doi.org/10.1016/j.jksus.2021.101590,,0.0,water,,120.0,AgNO3,20.0,,
157,,RH-AgNPs,0.0,green synthesis using rumex hastatus,77.0,77.0,77.0,spherical,ZOI,Enterobacter aerogenes,,20.0,9,,https://www.sciencedirect.com/science/article/pii/S1018364721002494?via%3Dihub#s0084,https://doi.org/10.1016/j.jksus.2021.101591,,0.0,water,,120.0,AgNO3,20.0,,
158,,RH-AgNPs,0.0,green synthesis using rumex hastatus,77.0,77.0,77.0,spherical,ZOI,Pseudomonas aeruginosa,,20.0,6,,https://www.sciencedirect.com/science/article/pii/S1018364721002494?via%3Dihub#s0085,https://doi.org/10.1016/j.jksus.2021.101592,,0.0,water,,120.0,AgNO3,20.0,,
159,,RH-AgNPs,0.0,green synthesis using rumex hastatus,77.0,77.0,77.0,spherical,ZOI,Micrococcus lotus,,20.0,6,,https://www.sciencedirect.com/science/article/pii/S1018364721002494?via%3Dihub#s0086,https://doi.org/10.1016/j.jksus.2021.101593,,0.0,water,,120.0,AgNO3,20.0,,
160,,RH-AgNPs,0.0,green synthesis using rumex hastatus,77.0,77.0,77.0,spherical,ZOI,Bacillus brevis,,20.0,9,,https://www.sciencedirect.com/science/article/pii/S1018364721002494?via%3Dihub#s0087,https://doi.org/10.1016/j.jksus.2021.101594,,0.0,water,,120.0,AgNO3,20.0,,
161,,RH-AgNPs,0.0,green synthesis using rumex hastatus,77.0,77.0,77.0,spherical,ZOI,Staphylococcus aureus,,40.0,8,,https://www.sciencedirect.com/science/article/pii/S1018364721002494?via%3Dihub#s0080,https://doi.org/10.1016/j.jksus.2021.101587,,0.0,water,,120.0,AgNO3,20.0,,
162,,RH-AgNPs,0.0,green synthesis using rumex hastatus,77.0,77.0,77.0,spherical,ZOI,Escherichia coli,,40.0,8,,https://www.sciencedirect.com/science/article/pii/S1018364721002494?via%3Dihub#s0081,https://doi.org/10.1016/j.jksus.2021.101588,,0.0,water,,120.0,AgNO3,20.0,,
163,,RH-AgNPs,0.0,green synthesis using rumex hastatus,77.0,77.0,77.0,spherical,ZOI,Salmonella gallinarum,,40.0,10,,https://www.sciencedirect.com/science/article/pii/S1018364721002494?via%3Dihub#s0082,https://doi.org/10.1016/j.jksus.2021.101589,,0.0,water,,120.0,AgNO3,20.0,,
164,,RH-AgNPs,0.0,green synthesis using rumex hastatus,77.0,77.0,77.0,spherical,ZOI,Klebsiella pneumonia,,40.0,10,,https://www.sciencedirect.com/science/article/pii/S1018364721002494?via%3Dihub#s0083,https://doi.org/10.1016/j.jksus.2021.101590,,0.0,water,,120.0,AgNO3,20.0,,
165,,RH-AgNPs,0.0,green synthesis using rumex hastatus,77.0,77.0,77.0,spherical,ZOI,Enterobacter aerogenes,,40.0,12,,https://www.sciencedirect.com/science/article/pii/S1018364721002494?via%3Dihub#s0084,https://doi.org/10.1016/j.jksus.2021.101591,,0.0,water,,120.0,AgNO3,20.0,,
166,,RH-AgNPs,0.0,green synthesis using rumex hastatus,77.0,77.0,77.0,spherical,ZOI,Pseudomonas aeruginosa,,40.0,9,,https://www.sciencedirect.com/science/article/pii/S1018364721002494?via%3Dihub#s0085,https://doi.org/10.1016/j.jksus.2021.101592,,0.0,water,,120.0,AgNO3,20.0,,
167,,RH-AgNPs,0.0,green synthesis using rumex hastatus,77.0,77.0,77.0,spherical,ZOI,Micrococcus lotus,,40.0,7,,https://www.sciencedirect.com/science/article/pii/S1018364721002494?via%3Dihub#s0086,https://doi.org/10.1016/j.jksus.2021.101593,,0.0,water,,120.0,AgNO3,20.0,,
168,,RH-AgNPs,0.0,green synthesis using rumex hastatus,77.0,77.0,77.0,spherical,ZOI,Bacillus brevis,,40.0,11,,https://www.sciencedirect.com/science/article/pii/S1018364721002494?via%3Dihub#s0087,https://doi.org/10.1016/j.jksus.2021.101594,,0.0,water,,120.0,AgNO3,20.0,,
169,,RH-AgNPs,0.0,green synthesis using rumex hastatus,77.0,77.0,77.0,spherical,ZOI,Staphylococcus aureus,,60.0,10,,https://www.sciencedirect.com/science/article/pii/S1018364721002494?via%3Dihub#s0080,https://doi.org/10.1016/j.jksus.2021.101587,,0.0,water,,120.0,AgNO3,20.0,,
170,,RH-AgNPs,0.0,green synthesis using rumex hastatus,77.0,77.0,77.0,spherical,ZOI,Escherichia coli,,60.0,10,,https://www.sciencedirect.com/science/article/pii/S1018364721002494?via%3Dihub#s0081,https://doi.org/10.1016/j.jksus.2021.101588,,0.0,water,,120.0,AgNO3,20.0,,
171,,RH-AgNPs,0.0,green synthesis using rumex hastatus,77.0,77.0,77.0,spherical,ZOI,Salmonella gallinarum,,60.0,13,,https://www.sciencedirect.com/science/article/pii/S1018364721002494?via%3Dihub#s0082,https://doi.org/10.1016/j.jksus.2021.101589,,0.0,water,,120.0,AgNO3,20.0,,
172,,RH-AgNPs,0.0,green synthesis using rumex hastatus,77.0,77.0,77.0,spherical,ZOI,Klebsiella pneumonia,,60.0,10,,https://www.sciencedirect.com/science/article/pii/S1018364721002494?via%3Dihub#s0083,https://doi.org/10.1016/j.jksus.2021.101590,,0.0,water,,120.0,AgNO3,20.0,,
173,,RH-AgNPs,0.0,green synthesis using rumex hastatus,77.0,77.0,77.0,spherical,ZOI,Enterobacter aerogenes,,60.0,12,,https://www.sciencedirect.com/science/article/pii/S1018364721002494?via%3Dihub#s0084,https://doi.org/10.1016/j.jksus.2021.101591,,0.0,water,,120.0,AgNO3,20.0,,
174,,RH-AgNPs,0.0,green synthesis using rumex hastatus,77.0,77.0,77.0,spherical,ZOI,Pseudomonas aeruginosa,,60.0,10,,https://www.sciencedirect.com/science/article/pii/S1018364721002494?via%3Dihub#s0085,https://doi.org/10.1016/j.jksus.2021.101592,,0.0,water,,120.0,AgNO3,20.0,,
175,,RH-AgNPs,0.0,green synthesis using rumex hastatus,77.0,77.0,77.0,spherical,ZOI,Micrococcus lotus,,60.0,9,,https://www.sciencedirect.com/science/article/pii/S1018364721002494?via%3Dihub#s0086,https://doi.org/10.1016/j.jksus.2021.101593,,0.0,water,,120.0,AgNO3,20.0,,
176,,RH-AgNPs,0.0,green synthesis using rumex hastatus,77.0,77.0,77.0,spherical,ZOI,Bacillus brevis,,60.0,12,,https://www.sciencedirect.com/science/article/pii/S1018364721002494?via%3Dihub#s0087,https://doi.org/10.1016/j.jksus.2021.101594,,0.0,water,,120.0,AgNO3,20.0,,
177,,RH-AgNPs,0.0,green synthesis using rumex hastatus,77.0,77.0,77.0,spherical,ZOI,Staphylococcus aureus,,80.0,11,,https://www.sciencedirect.com/science/article/pii/S1018364721002494?via%3Dihub#s0080,https://doi.org/10.1016/j.jksus.2021.101587,,0.0,water,,120.0,AgNO3,20.0,,
178,,RH-AgNPs,0.0,green synthesis using rumex hastatus,77.0,77.0,77.0,spherical,ZOI,Escherichia coli,,80.0,11,,https://www.sciencedirect.com/science/article/pii/S1018364721002494?via%3Dihub#s0081,https://doi.org/10.1016/j.jksus.2021.101588,,0.0,water,,120.0,AgNO3,20.0,,
179,,RH-AgNPs,0.0,green synthesis using rumex hastatus,77.0,77.0,77.0,spherical,ZOI,Salmonella gallinarum,,80.0,13,,https://www.sciencedirect.com/science/article/pii/S1018364721002494?via%3Dihub#s0082,https://doi.org/10.1016/j.jksus.2021.101589,,0.0,water,,120.0,AgNO3,20.0,,
180,,RH-AgNPs,0.0,green synthesis using rumex hastatus,77.0,77.0,77.0,spherical,ZOI,Klebsiella pneumonia,,80.0,11,,https://www.sciencedirect.com/science/article/pii/S1018364721002494?via%3Dihub#s0083,https://doi.org/10.1016/j.jksus.2021.101590,,0.0,water,,120.0,AgNO3,20.0,,
181,,RH-AgNPs,0.0,green synthesis using rumex hastatus,77.0,77.0,77.0,spherical,ZOI,Enterobacter aerogenes,,80.0,13,,https://www.sciencedirect.com/science/article/pii/S1018364721002494?via%3Dihub#s0084,https://doi.org/10.1016/j.jksus.2021.101591,,0.0,water,,120.0,AgNO3,20.0,,
182,,RH-AgNPs,0.0,green synthesis using rumex hastatus,77.0,77.0,77.0,spherical,ZOI,Pseudomonas aeruginosa,,80.0,14,,https://www.sciencedirect.com/science/article/pii/S1018364721002494?via%3Dihub#s0085,https://doi.org/10.1016/j.jksus.2021.101592,,0.0,water,,120.0,AgNO3,20.0,,
183,,RH-AgNPs,0.0,green synthesis using rumex hastatus,77.0,77.0,77.0,spherical,ZOI,Micrococcus lotus,,80.0,9,,https://www.sciencedirect.com/science/article/pii/S1018364721002494?via%3Dihub#s0086,https://doi.org/10.1016/j.jksus.2021.101593,,0.0,water,,120.0,AgNO3,20.0,,
184,,RH-AgNPs,0.0,green synthesis using rumex hastatus,77.0,77.0,77.0,spherical,ZOI,Bacillus brevis,,80.0,15,,https://www.sciencedirect.com/science/article/pii/S1018364721002494?via%3Dihub#s0087,https://doi.org/10.1016/j.jksus.2021.101594,,0.0,water,,120.0,AgNO3,20.0,,
185,,RH-AgNPs,0.0,green synthesis using rumex hastatus,77.0,77.0,77.0,spherical,ZOI,Staphylococcus aureus,,100.0,19,,https://www.sciencedirect.com/science/article/pii/S1018364721002494?via%3Dihub#s0080,https://doi.org/10.1016/j.jksus.2021.101587,,0.0,water,,120.0,AgNO3,20.0,,
186,,RH-AgNPs,0.0,green synthesis using rumex hastatus,77.0,77.0,77.0,spherical,ZOI,Escherichia coli,,100.0,12,,https://www.sciencedirect.com/science/article/pii/S1018364721002494?via%3Dihub#s0081,https://doi.org/10.1016/j.jksus.2021.101588,,0.0,water,,120.0,AgNO3,20.0,,
187,,RH-AgNPs,0.0,green synthesis using rumex hastatus,77.0,77.0,77.0,spherical,ZOI,Salmonella gallinarum,,100.0,15,,https://www.sciencedirect.com/science/article/pii/S1018364721002494?via%3Dihub#s0082,https://doi.org/10.1016/j.jksus.2021.101589,,0.0,water,,120.0,AgNO3,20.0,,
188,,RH-AgNPs,0.0,green synthesis using rumex hastatus,77.0,77.0,77.0,spherical,ZOI,Klebsiella pneumonia,,100.0,15,,https://www.sciencedirect.com/science/article/pii/S1018364721002494?via%3Dihub#s0083,https://doi.org/10.1016/j.jksus.2021.101590,,0.0,water,,120.0,AgNO3,20.0,,
189,,RH-AgNPs,0.0,green synthesis using rumex hastatus,77.0,77.0,77.0,spherical,ZOI,Enterobacter aerogenes,,100.0,16,,https://www.sciencedirect.com/science/article/pii/S1018364721002494?via%3Dihub#s0084,https://doi.org/10.1016/j.jksus.2021.101591,,0.0,water,,120.0,AgNO3,20.0,,
190,,RH-AgNPs,0.0,green synthesis using rumex hastatus,77.0,77.0,77.0,spherical,ZOI,Pseudomonas aeruginosa,,100.0,17,,https://www.sciencedirect.com/science/article/pii/S1018364721002494?via%3Dihub#s0085,https://doi.org/10.1016/j.jksus.2021.101592,,0.0,water,,120.0,AgNO3,20.0,,
191,,RH-AgNPs,0.0,green synthesis using rumex hastatus,77.0,77.0,77.0,spherical,ZOI,Micrococcus lotus,,100.0,16,,https://www.sciencedirect.com/science/article/pii/S1018364721002494?via%3Dihub#s0086,https://doi.org/10.1016/j.jksus.2021.101593,,0.0,water,,120.0,AgNO3,20.0,,
192,,RH-AgNPs,0.0,green synthesis using rumex hastatus,77.0,77.0,77.0,spherical,ZOI,Bacillus brevis,,100.0,18,,https://www.sciencedirect.com/science/article/pii/S1018364721002494?via%3Dihub#s0087,https://doi.org/10.1016/j.jksus.2021.101594,,0.0,water,,120.0,AgNO3,20.0,,
193,,AgNP,0.0,green synthesis using pimpinella anisum,25.5,25.5,25.5,spherical,ZOI,Escherichia coli,ATCC 11229,128.0,22,,https://pubs.rsc.org/en/content/articlelanding/2023/ma/d3ma00089c,https://doi.org/10.1039/d3ma00089c,24.0,0.0,distilled water,25.0,1440.0,AgNO3,1.0,65.4,9.0
194,,AgNP,0.0,green synthesis using pimpinella anisum,25.5,25.5,25.5,spherical,ZOI,Escherichia coli,ATCC 11230,128.0,20,,https://pubs.rsc.org/en/content/articlelanding/2023/ma/d3ma00089c,https://doi.org/10.1039/d3ma00089c,24.0,0.0,distilled water,25.0,1440.0,AgNO3,1.0,65.4,9.0
195,,AgNP,0.0,green synthesis using pimpinella anisum,25.5,25.5,25.5,spherical,ZOI,Escherichia coli,ATCC 11231,128.0,19,,https://pubs.rsc.org/en/content/articlelanding/2023/ma/d3ma00089c,https://doi.org/10.1039/d3ma00089c,24.0,0.0,distilled water,25.0,1440.0,AgNO3,1.0,65.4,9.0
196,,AgNP,0.0,green synthesis using pimpinella anisum,25.5,25.5,25.5,spherical,ZOI,Escherichia coli,ATCC 11232,128.0,18,,https://pubs.rsc.org/en/content/articlelanding/2023/ma/d3ma00089c,https://doi.org/10.1039/d3ma00089c,24.0,0.0,distilled water,25.0,1440.0,AgNO3,1.0,65.4,9.0
197,,AgNP,0.0,green synthesis using pimpinella anisum,25.5,25.5,25.5,spherical,ZOI,Escherichia coli,ATCC 11233,128.0,20,,https://pubs.rsc.org/en/content/articlelanding/2023/ma/d3ma00089c,https://doi.org/10.1039/d3ma00089c,24.0,0.0,distilled water,25.0,1440.0,AgNO3,1.0,65.4,9.0
198,,AgNP,0.0,green synthesis using pimpinella anisum,25.5,25.5,25.5,spherical,ZOI,Escherichia coli,ATCC 11234,128.0,17,,https://pubs.rsc.org/en/content/articlelanding/2023/ma/d3ma00089c,https://doi.org/10.1039/d3ma00089c,24.0,0.0,distilled water,25.0,1440.0,AgNO3,1.0,65.4,9.0
199,,AgNP,0.0,green synthesis using pimpinella anisum,25.5,25.5,25.5,spherical,ZOI,Escherichia coli,ATCC 11235,128.0,14,,https://pubs.rsc.org/en/content/articlelanding/2023/ma/d3ma00089c,https://doi.org/10.1039/d3ma00089c,24.0,0.0,distilled water,25.0,1440.0,AgNO3,1.0,65.4,9.0
200,,AgNP,0.0,green synthesis using pimpinella anisum,25.5,25.5,25.5,spherical,ZOI,Escherichia coli,ATCC 11236,128.0,18,,https://pubs.rsc.org/en/content/articlelanding/2023/ma/d3ma00089c,https://doi.org/10.1039/d3ma00089c,24.0,0.0,distilled water,25.0,1440.0,AgNO3,1.0,65.4,9.0
201,,AgNP,0.0,green synthesis using pimpinella anisum,25.5,25.5,25.5,spherical,ZOI,Escherichia coli,ATCC 11237,128.0,15,,https://pubs.rsc.org/en/content/articlelanding/2023/ma/d3ma00089c,https://doi.org/10.1039/d3ma00089c,24.0,0.0,distilled water,25.0,1440.0,AgNO3,1.0,65.4,9.0
202,,AgNP,0.0,green synthesis using pimpinella anisum,25.5,25.5,25.5,spherical,ZOI,Escherichia coli,ATCC 11238,128.0,15,,https://pubs.rsc.org/en/content/articlelanding/2023/ma/d3ma00089c,https://doi.org/10.1039/d3ma00089c,24.0,0.0,distilled water,25.0,1440.0,AgNO3,1.0,65.4,9.0
203,,AgNP,0.0,green synthesis using pimpinella anisum,25.5,25.5,25.5,spherical,ZOI,Escherichia coli,ATCC 11239,128.0,14,,https://pubs.rsc.org/en/content/articlelanding/2023/ma/d3ma00089c,https://doi.org/10.1039/d3ma00089c,24.0,0.0,distilled water,25.0,1440.0,AgNO3,1.0,65.4,9.0
204,,AgNP,0.0,green synthesis using pimpinella anisum,25.5,25.5,25.5,spherical,ZOI,Escherichia coli,ATCC 25922,128.0,15,,https://pubs.rsc.org/en/content/articlelanding/2023/ma/d3ma00089c,https://doi.org/10.1039/d3ma00089c,24.0,0.0,distilled water,25.0,1440.0,AgNO3,1.0,65.4,9.0
205,,AgNP,0.0,green synthesis using pimpinella anisum,25.5,25.5,25.5,spherical,ZOI,Escherichia coli,ATCC 11229,256.0,22,,https://pubs.rsc.org/en/content/articlelanding/2023/ma/d3ma00089c,https://doi.org/10.1039/d3ma00089c,24.0,0.0,distilled water,25.0,1440.0,AgNO3,1.0,65.4,9.0
206,,AgNP,0.0,green synthesis using pimpinella anisum,25.5,25.5,25.5,spherical,ZOI,Escherichia coli,ATCC 11230,256.0,22,,https://pubs.rsc.org/en/content/articlelanding/2023/ma/d3ma00089c,https://doi.org/10.1039/d3ma00089c,24.0,0.0,distilled water,25.0,1440.0,AgNO3,1.0,65.4,9.0
207,,AgNP,0.0,green synthesis using pimpinella anisum,25.5,25.5,25.5,spherical,ZOI,Escherichia coli,ATCC 11231,256.0,26,,https://pubs.rsc.org/en/content/articlelanding/2023/ma/d3ma00089c,https://doi.org/10.1039/d3ma00089c,24.0,0.0,distilled water,25.0,1440.0,AgNO3,1.0,65.4,9.0
208,,AgNP,0.0,green synthesis using pimpinella anisum,25.5,25.5,25.5,spherical,ZOI,Escherichia coli,ATCC 11232,256.0,19,,https://pubs.rsc.org/en/content/articlelanding/2023/ma/d3ma00089c,https://doi.org/10.1039/d3ma00089c,24.0,0.0,distilled water,25.0,1440.0,AgNO3,1.0,65.4,9.0
209,,AgNP,0.0,green synthesis using pimpinella anisum,25.5,25.5,25.5,spherical,ZOI,Escherichia coli,ATCC 11233,256.0,23,,https://pubs.rsc.org/en/content/articlelanding/2023/ma/d3ma00089c,https://doi.org/10.1039/d3ma00089c,24.0,0.0,distilled water,25.0,1440.0,AgNO3,1.0,65.4,9.0
210,,AgNP,0.0,green synthesis using pimpinella anisum,25.5,25.5,25.5,spherical,ZOI,Escherichia coli,ATCC 11234,256.0,19,,https://pubs.rsc.org/en/content/articlelanding/2023/ma/d3ma00089c,https://doi.org/10.1039/d3ma00089c,24.0,0.0,distilled water,25.0,1440.0,AgNO3,1.0,65.4,9.0
211,,AgNP,0.0,green synthesis using pimpinella anisum,25.5,25.5,25.5,spherical,ZOI,Escherichia coli,ATCC 11235,256.0,18,,https://pubs.rsc.org/en/content/articlelanding/2023/ma/d3ma00089c,https://doi.org/10.1039/d3ma00089c,24.0,0.0,distilled water,25.0,1440.0,AgNO3,1.0,65.4,9.0
212,,AgNP,0.0,green synthesis using pimpinella anisum,25.5,25.5,25.5,spherical,ZOI,Escherichia coli,ATCC 11236,256.0,20,,https://pubs.rsc.org/en/content/articlelanding/2023/ma/d3ma00089c,https://doi.org/10.1039/d3ma00089c,24.0,0.0,distilled water,25.0,1440.0,AgNO3,1.0,65.4,9.0
213,,AgNP,0.0,green synthesis using pimpinella anisum,25.5,25.5,25.5,spherical,ZOI,Escherichia coli,ATCC 11237,256.0,15,,https://pubs.rsc.org/en/content/articlelanding/2023/ma/d3ma00089c,https://doi.org/10.1039/d3ma00089c,24.0,0.0,distilled water,25.0,1440.0,AgNO3,1.0,65.4,9.0
214,,AgNP,0.0,green synthesis using pimpinella anisum,25.5,25.5,25.5,spherical,ZOI,Escherichia coli,ATCC 11238,256.0,17,,https://pubs.rsc.org/en/content/articlelanding/2023/ma/d3ma00089c,https://doi.org/10.1039/d3ma00089c,24.0,0.0,distilled water,25.0,1440.0,AgNO3,1.0,65.4,9.0
215,,AgNP,0.0,green synthesis using pimpinella anisum,25.5,25.5,25.5,spherical,ZOI,Escherichia coli,ATCC 11239,256.0,17,,https://pubs.rsc.org/en/content/articlelanding/2023/ma/d3ma00089c,https://doi.org/10.1039/d3ma00089c,24.0,0.0,distilled water,25.0,1440.0,AgNO3,1.0,65.4,9.0
216,,AgNP,0.0,green synthesis using pimpinella anisum,25.5,25.5,25.5,spherical,ZOI,Escherichia coli,ATCC 25922,256.0,20,,https://pubs.rsc.org/en/content/articlelanding/2023/ma/d3ma00089c,https://doi.org/10.1039/d3ma00089c,24.0,0.0,distilled water,25.0,1440.0,AgNO3,1.0,65.4,9.0
217,,AgNP,0.0,green synthesis using pimpinella anisum,25.5,25.5,25.5,spherical,ZOI,Escherichia coli,ATCC 11229,512.0,28,,https://pubs.rsc.org/en/content/articlelanding/2023/ma/d3ma00089c,https://doi.org/10.1039/d3ma00089c,24.0,0.0,distilled water,25.0,1440.0,AgNO3,1.0,65.4,9.0
218,,AgNP,0.0,green synthesis using pimpinella anisum,25.5,25.5,25.5,spherical,ZOI,Escherichia coli,ATCC 11230,512.0,25,,https://pubs.rsc.org/en/content/articlelanding/2023/ma/d3ma00089c,https://doi.org/10.1039/d3ma00089c,24.0,0.0,distilled water,25.0,1440.0,AgNO3,1.0,65.4,9.0
219,,AgNP,0.0,green synthesis using pimpinella anisum,25.5,25.5,25.5,spherical,ZOI,Escherichia coli,ATCC 11231,512.0,26,,https://pubs.rsc.org/en/content/articlelanding/2023/ma/d3ma00089c,https://doi.org/10.1039/d3ma00089c,24.0,0.0,distilled water,25.0,1440.0,AgNO3,1.0,65.4,9.0
220,,AgNP,0.0,green synthesis using pimpinella anisum,25.5,25.5,25.5,spherical,ZOI,Escherichia coli,ATCC 11232,512.0,20,,https://pubs.rsc.org/en/content/articlelanding/2023/ma/d3ma00089c,https://doi.org/10.1039/d3ma00089c,24.0,0.0,distilled water,25.0,1440.0,AgNO3,1.0,65.4,9.0
221,,AgNP,0.0,green synthesis using pimpinella anisum,25.5,25.5,25.5,spherical,ZOI,Escherichia coli,ATCC 11233,512.0,25,,https://pubs.rsc.org/en/content/articlelanding/2023/ma/d3ma00089c,https://doi.org/10.1039/d3ma00089c,24.0,0.0,distilled water,25.0,1440.0,AgNO3,1.0,65.4,9.0
222,,AgNP,0.0,green synthesis using pimpinella anisum,25.5,25.5,25.5,spherical,ZOI,Escherichia coli,ATCC 11234,512.0,28,,https://pubs.rsc.org/en/content/articlelanding/2023/ma/d3ma00089c,https://doi.org/10.1039/d3ma00089c,24.0,0.0,distilled water,25.0,1440.0,AgNO3,1.0,65.4,9.0
223,,AgNP,0.0,green synthesis using pimpinella anisum,25.5,25.5,25.5,spherical,ZOI,Escherichia coli,ATCC 11235,512.0,25,,https://pubs.rsc.org/en/content/articlelanding/2023/ma/d3ma00089c,https://doi.org/10.1039/d3ma00089c,24.0,0.0,distilled water,25.0,1440.0,AgNO3,1.0,65.4,9.0
224,,AgNP,0.0,green synthesis using pimpinella anisum,25.5,25.5,25.5,spherical,ZOI,Escherichia coli,ATCC 11236,512.0,21,,https://pubs.rsc.org/en/content/articlelanding/2023/ma/d3ma00089c,https://doi.org/10.1039/d3ma00089c,24.0,0.0,distilled water,25.0,1440.0,AgNO3,1.0,65.4,9.0
225,,AgNP,0.0,green synthesis using pimpinella anisum,25.5,25.5,25.5,spherical,ZOI,Escherichia coli,ATCC 11237,512.0,17,,https://pubs.rsc.org/en/content/articlelanding/2023/ma/d3ma00089c,https://doi.org/10.1039/d3ma00089c,24.0,0.0,distilled water,25.0,1440.0,AgNO3,1.0,65.4,9.0
226,,AgNP,0.0,green synthesis using pimpinella anisum,25.5,25.5,25.5,spherical,ZOI,Escherichia coli,ATCC 11238,512.0,19,,https://pubs.rsc.org/en/content/articlelanding/2023/ma/d3ma00089c,https://doi.org/10.1039/d3ma00089c,24.0,0.0,distilled water,25.0,1440.0,AgNO3,1.0,65.4,9.0
227,,AgNP,0.0,green synthesis using pimpinella anisum,25.5,25.5,25.5,spherical,ZOI,Escherichia coli,ATCC 11239,512.0,18,,https://pubs.rsc.org/en/content/articlelanding/2023/ma/d3ma00089c,https://doi.org/10.1039/d3ma00089c,24.0,0.0,distilled water,25.0,1440.0,AgNO3,1.0,65.4,9.0
228,,AgNP,0.0,green synthesis using pimpinella anisum,25.5,25.5,25.5,spherical,ZOI,Escherichia coli,ATCC 25922,512.0,30,,https://pubs.rsc.org/en/content/articlelanding/2023/ma/d3ma00089c,https://doi.org/10.1039/d3ma00089c,24.0,0.0,distilled water,25.0,1440.0,AgNO3,1.0,65.4,9.0
229,,AgNP,0.0,green synthesis using pimpinella anisum,25.5,25.5,25.5,spherical,ZOI,Escherichia coli,ATCC 11229,1024.0,30,,https://pubs.rsc.org/en/content/articlelanding/2023/ma/d3ma00089c,https://doi.org/10.1039/d3ma00089c,24.0,0.0,distilled water,25.0,1440.0,AgNO3,1.0,65.4,9.0
230,,AgNP,0.0,green synthesis using pimpinella anisum,25.5,25.5,25.5,spherical,ZOI,Escherichia coli,ATCC 11230,1024.0,37,,https://pubs.rsc.org/en/content/articlelanding/2023/ma/d3ma00089c,https://doi.org/10.1039/d3ma00089c,24.0,0.0,distilled water,25.0,1440.0,AgNO3,1.0,65.4,9.0
231,,AgNP,0.0,green synthesis using pimpinella anisum,25.5,25.5,25.5,spherical,ZOI,Escherichia coli,ATCC 11231,1024.0,28,,https://pubs.rsc.org/en/content/articlelanding/2023/ma/d3ma00089c,https://doi.org/10.1039/d3ma00089c,24.0,0.0,distilled water,25.0,1440.0,AgNO3,1.0,65.4,9.0
232,,AgNP,0.0,green synthesis using pimpinella anisum,25.5,25.5,25.5,spherical,ZOI,Escherichia coli,ATCC 11232,1024.0,23,,https://pubs.rsc.org/en/content/articlelanding/2023/ma/d3ma00089c,https://doi.org/10.1039/d3ma00089c,24.0,0.0,distilled water,25.0,1440.0,AgNO3,1.0,65.4,9.0
233,,AgNP,0.0,green synthesis using pimpinella anisum,25.5,25.5,25.5,spherical,ZOI,Escherichia coli,ATCC 11233,1024.0,30,,https://pubs.rsc.org/en/content/articlelanding/2023/ma/d3ma00089c,https://doi.org/10.1039/d3ma00089c,24.0,0.0,distilled water,25.0,1440.0,AgNO3,1.0,65.4,9.0
234,,AgNP,0.0,green synthesis using pimpinella anisum,25.5,25.5,25.5,spherical,ZOI,Escherichia coli,ATCC 11234,1024.0,40,,https://pubs.rsc.org/en/content/articlelanding/2023/ma/d3ma00089c,https://doi.org/10.1039/d3ma00089c,24.0,0.0,distilled water,25.0,1440.0,AgNO3,1.0,65.4,9.0
235,,AgNP,0.0,green synthesis using pimpinella anisum,25.5,25.5,25.5,spherical,ZOI,Escherichia coli,ATCC 11235,1024.0,27,,https://pubs.rsc.org/en/content/articlelanding/2023/ma/d3ma00089c,https://doi.org/10.1039/d3ma00089c,24.0,0.0,distilled water,25.0,1440.0,AgNO3,1.0,65.4,9.0
236,,AgNP,0.0,green synthesis using pimpinella anisum,25.5,25.5,25.5,spherical,ZOI,Escherichia coli,ATCC 11236,1024.0,30,,https://pubs.rsc.org/en/content/articlelanding/2023/ma/d3ma00089c,https://doi.org/10.1039/d3ma00089c,24.0,0.0,distilled water,25.0,1440.0,AgNO3,1.0,65.4,9.0
237,,AgNP,0.0,green synthesis using pimpinella anisum,25.5,25.5,25.5,spherical,ZOI,Escherichia coli,ATCC 11237,1024.0,35,,https://pubs.rsc.org/en/content/articlelanding/2023/ma/d3ma00089c,https://doi.org/10.1039/d3ma00089c,24.0,0.0,distilled water,25.0,1440.0,AgNO3,1.0,65.4,9.0
238,,AgNP,0.0,green synthesis using pimpinella anisum,25.5,25.5,25.5,spherical,ZOI,Escherichia coli,ATCC 11238,1024.0,32,,https://pubs.rsc.org/en/content/articlelanding/2023/ma/d3ma00089c,https://doi.org/10.1039/d3ma00089c,24.0,0.0,distilled water,25.0,1440.0,AgNO3,1.0,65.4,9.0
239,,AgNP,0.0,green synthesis using pimpinella anisum,25.5,25.5,25.5,spherical,ZOI,Escherichia coli,ATCC 11239,1024.0,20,,https://pubs.rsc.org/en/content/articlelanding/2023/ma/d3ma00089c,https://doi.org/10.1039/d3ma00089c,24.0,0.0,distilled water,25.0,1440.0,AgNO3,1.0,65.4,9.0
240,,AgNP,0.0,green synthesis using pimpinella anisum,25.5,25.5,25.5,spherical,ZOI,Escherichia coli,ATCC 25922,1024.0,40,,https://pubs.rsc.org/en/content/articlelanding/2023/ma/d3ma00089c,https://doi.org/10.1039/d3ma00089c,24.0,0.0,distilled water,25.0,1440.0,AgNO3,1.0,65.4,9.0
241,,AgNP,0.0,green synthesis using flos sophorae,25.0,40.0,32.5,spherical,ZOI,Escherichia coli,,4.0,16.28,-38.0,https://www.sciencedirect.com/science/article/pii/S2405844022012981?via%3Dihub,https://doi.org/10.1016/j.heliyon.2022.e10010,12.0,0.0,water,25.0,60.0,AgNO3,4.0,,8.5
242,,AgNP,0.0,green synthesis using flos sophorae,25.0,40.0,32.5,spherical,ZOI,Staphylococcus aureus,,4.0,16.28,-38.0,https://www.sciencedirect.com/science/article/pii/S2405844022012981?via%3Dihub,https://doi.org/10.1016/j.heliyon.2022.e10011,12.0,0.0,water,25.0,60.0,AgNO3,4.0,,8.5
243,,AgNP,0.0,green synthesis using flos sophorae,25.0,40.0,32.5,spherical,ZOI,Pseudomonas aeruginosa,,4.0,14.42,-38.0,https://www.sciencedirect.com/science/article/pii/S2405844022012981?via%3Dihub,https://doi.org/10.1016/j.heliyon.2022.e10012,12.0,0.0,water,25.0,60.0,AgNO3,4.0,,8.5
244,,AgNP,0.0,green synthesis using flos sophorae,25.0,40.0,32.5,spherical,ZOI,Escherichia coli,,8.0,15.56,-38.0,https://www.sciencedirect.com/science/article/pii/S2405844022012981?via%3Dihub,https://doi.org/10.1016/j.heliyon.2022.e10013,12.0,0.0,water,25.0,60.0,AgNO3,4.0,,8.5
245,,AgNP,0.0,green synthesis using flos sophorae,25.0,40.0,32.5,spherical,ZOI,Staphylococcus aureus,,8.0,13.82,-38.0,https://www.sciencedirect.com/science/article/pii/S2405844022012981?via%3Dihub,https://doi.org/10.1016/j.heliyon.2022.e10014,12.0,0.0,water,25.0,60.0,AgNO3,4.0,,8.5
246,,AgNP,0.0,green synthesis using flos sophorae,25.0,40.0,32.5,spherical,ZOI,Pseudomonas aeruginosa,,8.0,12.98,-38.0,https://www.sciencedirect.com/science/article/pii/S2405844022012981?via%3Dihub,https://doi.org/10.1016/j.heliyon.2022.e10015,12.0,0.0,water,25.0,60.0,AgNO3,4.0,,8.5
247,,AgNP,0.0,green synthesis using flos sophorae,25.0,40.0,32.5,spherical,ZOI,Escherichia coli,,12.0,15.42,-38.0,https://www.sciencedirect.com/science/article/pii/S2405844022012981?via%3Dihub,https://doi.org/10.1016/j.heliyon.2022.e10016,12.0,0.0,water,25.0,60.0,AgNO3,4.0,,8.5
248,,AgNP,0.0,green synthesis using flos sophorae,25.0,40.0,32.5,spherical,ZOI,Staphylococcus aureus,,12.0,13.44,-38.0,https://www.sciencedirect.com/science/article/pii/S2405844022012981?via%3Dihub,https://doi.org/10.1016/j.heliyon.2022.e10017,12.0,0.0,water,25.0,60.0,AgNO3,4.0,,8.5
249,,AgNP,0.0,green synthesis using flos sophorae,25.0,40.0,32.5,spherical,ZOI,Pseudomonas aeruginosa,,12.0,13.06,-38.0,https://www.sciencedirect.com/science/article/pii/S2405844022012981?via%3Dihub,https://doi.org/10.1016/j.heliyon.2022.e10018,12.0,0.0,water,25.0,60.0,AgNO3,4.0,,8.5
250,,AgNP,0.0,green synthesis using flos sophorae,25.0,40.0,32.5,spherical,ZOI,Escherichia coli,,16.0,14.06,-38.0,https://www.sciencedirect.com/science/article/pii/S2405844022012981?via%3Dihub,https://doi.org/10.1016/j.heliyon.2022.e10019,12.0,0.0,water,25.0,60.0,AgNO3,4.0,,8.5
251,,AgNP,0.0,green synthesis using flos sophorae,25.0,40.0,32.5,spherical,ZOI,Staphylococcus aureus,,16.0,12.28,-38.0,https://www.sciencedirect.com/science/article/pii/S2405844022012981?via%3Dihub,https://doi.org/10.1016/j.heliyon.2022.e10020,12.0,0.0,water,25.0,60.0,AgNO3,4.0,,8.5
252,,AgNP,0.0,green synthesis using flos sophorae,25.0,40.0,32.5,spherical,ZOI,Pseudomonas aeruginosa,,16.0,12.76,-38.0,https://www.sciencedirect.com/science/article/pii/S2405844022012981?via%3Dihub,https://doi.org/10.1016/j.heliyon.2022.e10021,12.0,0.0,water,25.0,60.0,AgNO3,4.0,,8.5
